Wavelength_nm,Intensity
3.177789999999999964e+02,8.802172727882862091e-03
3.188820000000000050e+02,6.223196163773536682e-03
3.199850000000000136e+02,8.288248442113399506e-03
3.210879999999999654e+02,6.185817066580057144e-03
3.221909999999999741e+02,8.021940477192401886e-03
3.232939999999999827e+02,5.835413001477718353e-03
3.243969999999999914e+02,7.662190124392509460e-03
3.255000000000000000e+02,5.625170189887285233e-03
3.266030000000000086e+02,7.690220605581998825e-03
3.277060000000000173e+02,5.522382911294698715e-03
3.288089999999999691e+02,8.138744160532951355e-03
3.299119999999999777e+02,5.835413932800292969e-03
3.310149999999999864e+02,8.297593332827091217e-03
3.321179999999999950e+02,5.774677265435457230e-03
3.332210000000000036e+02,7.325801998376846313e-03
3.343240000000000123e+02,5.101897288113832474e-03
3.354269999999999641e+02,6.928674876689910889e-03
3.365299999999999727e+02,5.326157901436090469e-03
3.376329999999999814e+02,7.554733194410800934e-03
3.387359999999999900e+02,5.681235808879137039e-03
3.398389999999999986e+02,8.115382865071296692e-03
3.409420000000000073e+02,6.470811553299427032e-03
3.420450000000000159e+02,9.241352789103984833e-03
3.431479999999999677e+02,7.218344602733850479e-03
3.442509999999999764e+02,1.011969894170761108e-02
3.453539999999999850e+02,7.339817471802234650e-03
3.464569999999999936e+02,9.993554092943668365e-03
3.475600000000000023e+02,6.989412009716033936e-03
3.486630000000000109e+02,9.063811972737312317e-03
3.497659999999999627e+02,6.760482676327228546e-03
3.508689999999999714e+02,9.082499891519546509e-03
3.519719999999999800e+02,7.045479025691747665e-03
3.530749999999999886e+02,1.006831042468547821e-02
3.541779999999999973e+02,7.578096352517604828e-03
3.552810000000000059e+02,1.008699648082256317e-02
3.563840000000000146e+02,6.938018836081027985e-03
3.574869999999999663e+02,8.956355974078178406e-03
3.585899999999999750e+02,6.368027534335851669e-03
3.596929999999999836e+02,7.989238016307353973e-03
3.607959999999999923e+02,5.611153785139322281e-03
3.618990000000000009e+02,7.545389700680971146e-03
3.630020000000000095e+02,5.924181081354618073e-03
3.641049999999999613e+02,8.049973286688327789e-03
3.652079999999999700e+02,6.288605276495218277e-03
3.663109999999999786e+02,9.428235702216625214e-03
3.674139999999999873e+02,7.325803861021995544e-03
3.685169999999999959e+02,1.093730796128511429e-02
3.696200000000000045e+02,8.507837541401386261e-03
3.707230000000000132e+02,1.219876948744058609e-02
3.718259999999999650e+02,9.082497097551822662e-03
3.729289999999999736e+02,1.348358858376741409e-02
3.740319999999999823e+02,1.049346663057804108e-02
3.751349999999999909e+02,1.444136165082454681e-02
3.762379999999999995e+02,1.061961054801940918e-02
3.773410000000000082e+02,1.471234206110239029e-02
3.784440000000000168e+02,1.153066288679838181e-02
3.795469999999999686e+02,1.461422163993120193e-02
3.806499999999999773e+02,1.097935996949672699e-02
3.817529999999999859e+02,1.382933091372251511e-02
3.828559999999999945e+02,1.041871123015880585e-02
3.839590000000000032e+02,1.435258891433477402e-02
3.850620000000000118e+02,1.090927422046661377e-02
3.861649999999999636e+02,1.437128148972988129e-02
3.872679999999999723e+02,1.042338367551565170e-02
3.883709999999999809e+02,1.399283763021230698e-02
3.894739999999999895e+02,1.000289805233478546e-02
3.905769999999999982e+02,1.296966057270765305e-02
3.916800000000000068e+02,9.297418408095836639e-03
3.927830000000000155e+02,1.201188657432794571e-02
3.938859999999999673e+02,8.526522666215896606e-03
3.949889999999999759e+02,1.110083702951669693e-02
3.960919999999999845e+02,8.213496766984462738e-03
3.971949999999999932e+02,1.049813814461231232e-02
3.982980000000000018e+02,7.461294066160917282e-03
3.994010000000000105e+02,9.568395093083381653e-03
4.005039999999999623e+02,6.587615702301263809e-03
4.016069999999999709e+02,8.479801006615161896e-03
4.027099999999999795e+02,6.508191581815481186e-03
4.038129999999999882e+02,9.474954567849636078e-03
4.049159999999999968e+02,7.508015260100364685e-03
4.060190000000000055e+02,1.132975891232490540e-02
4.071220000000000141e+02,8.750782348215579987e-03
4.082249999999999659e+02,1.209598500281572342e-02
4.093279999999999745e+02,8.932998403906822205e-03
4.104309999999999832e+02,1.211467105895280838e-02
4.115339999999999918e+02,8.778816089034080505e-03
4.126370000000000005e+02,1.160074397921562195e-02
4.137400000000000091e+02,8.199483156204223633e-03
4.148429999999999609e+02,1.045141834765672684e-02
4.159459999999999695e+02,7.601457647979259491e-03
4.170489999999999782e+02,1.010568253695964813e-02
4.181519999999999868e+02,7.573420647531747818e-03
4.192549999999999955e+02,1.022248528897762299e-02
4.203580000000000041e+02,8.143416605889797211e-03
4.214610000000000127e+02,1.088592130690813065e-02
4.225639999999999645e+02,8.143413811922073364e-03
4.236669999999999732e+02,1.097936090081930161e-02
4.247699999999999818e+02,8.110714145004749298e-03
4.258729999999999905e+02,1.033461652696132660e-02
4.269759999999999991e+02,7.774319034069776535e-03
4.280790000000000077e+02,9.432903490960597992e-03
4.291819999999999595e+02,6.251225247979164124e-03
4.302849999999999682e+02,7.680880837142467499e-03
4.313879999999999768e+02,5.045832134783267975e-03
4.324909999999999854e+02,6.227865815162658691e-03
4.335939999999999941e+02,4.260926041752099991e-03
4.346970000000000027e+02,5.727955605834722519e-03
4.358000000000000114e+02,4.728131927549839020e-03
4.369029999999999632e+02,6.807200144976377487e-03
4.380059999999999718e+02,4.971079062670469284e-03
4.391089999999999804e+02,7.405227515846490860e-03
4.402119999999999891e+02,5.298125091940164566e-03
4.413149999999999977e+02,7.138919550925493240e-03
4.424180000000000064e+02,5.073866341263055801e-03
4.435210000000000150e+02,7.479980587959289551e-03
4.446239999999999668e+02,6.171801127493381500e-03
4.457269999999999754e+02,8.886274881660938263e-03
4.468299999999999841e+02,7.279081270098686218e-03
4.479329999999999927e+02,1.035797409713268280e-02
4.490360000000000014e+02,8.194804191589355469e-03
4.501390000000000100e+02,1.218943204730749130e-02
4.512419999999999618e+02,9.325449354946613312e-03
4.523449999999999704e+02,1.363776717334985733e-02
4.534479999999999791e+02,1.022715494036674500e-02
4.545509999999999877e+02,1.303039398044347763e-02
4.556539999999999964e+02,8.503162302076816559e-03
4.567570000000000050e+02,9.601099416613578796e-03
4.578600000000000136e+02,5.424271337687969208e-03
4.589629999999999654e+02,6.083033047616481781e-03
4.600659999999999741e+02,3.644213546067476273e-03
4.611689999999999827e+02,4.545920994132757187e-03
4.622719999999999914e+02,2.952748211100697517e-03
4.633750000000000000e+02,3.513397183269262314e-03
4.644780000000000086e+02,2.443492412567138672e-03
4.655809999999999604e+02,3.289137268438935280e-03
4.666839999999999691e+02,2.228577854111790657e-03
4.677869999999999777e+02,3.560114884749054909e-03
4.688900000000000432e+02,2.882667817175388336e-03
4.699929999999999950e+02,4.541249014437198639e-03
4.710959999999999468e+02,3.527411725372076035e-03
4.721990000000000123e+02,5.793362855911254883e-03
4.733019999999999641e+02,4.569283220916986465e-03
4.744050000000000296e+02,7.881779223680496216e-03
4.755079999999999814e+02,6.755810696631669998e-03
4.766109999999999332e+02,1.161943748593330383e-02
4.777139999999999986e+02,9.783313609659671783e-03
4.788169999999999504e+02,1.443201489746570587e-02
4.799200000000000159e+02,1.061026658862829208e-02
4.810229999999999677e+02,1.450209598988294601e-02
4.821260000000000332e+02,1.014772895723581314e-02
4.832289999999999850e+02,1.307711564004421234e-02
4.843319999999999368e+02,9.320778772234916687e-03
4.854350000000000023e+02,1.229688245803117752e-02
4.865379999999999541e+02,9.260038845241069794e-03
4.876410000000000196e+02,1.197917573153972626e-02
4.887439999999999714e+02,8.741440251469612122e-03
4.898470000000000368e+02,1.127369981259107590e-02
4.909499999999999886e+02,7.900469005107879639e-03
4.920529999999999404e+02,9.755278006196022034e-03
4.931560000000000059e+02,5.821395665407180786e-03
4.942589999999999577e+02,7.442603819072246552e-03
4.953620000000000232e+02,4.718786105513572693e-03
4.964649999999999750e+02,5.849427543580532074e-03
4.975680000000000405e+02,3.569459775462746620e-03
4.986709999999999923e+02,4.559936467558145523e-03
4.997739999999999441e+02,2.906025853008031845e-03
5.008770000000000095e+02,3.775031305849552155e-03
5.019799999999999613e+02,2.415460767224431038e-03
5.030830000000000268e+02,3.424625610932707787e-03
5.041859999999999786e+02,2.387427026405930519e-03
5.052889999999999304e+02,3.303151810541749001e-03
5.063919999999999959e+02,2.116446848958730698e-03
5.074949999999999477e+02,3.275119932368397713e-03
5.085980000000000132e+02,2.354722470045089722e-03
5.097009999999999650e+02,3.863800782710313797e-03
5.108040000000000305e+02,2.410788089036941528e-03
5.119069999999999823e+02,3.761013736948370934e-03
5.130099999999999909e+02,2.490214072167873383e-03
5.141130000000000564e+02,3.078892827033996582e-03
5.152160000000000082e+02,1.784730353392660618e-03
5.163190000000000737e+02,2.448164159432053566e-03
5.174220000000000255e+02,1.616535941138863564e-03
5.185250000000000909e+02,2.186528872698545456e-03
5.196280000000000427e+02,1.527766464278101921e-03
5.207309999999999945e+02,2.219232497736811638e-03
5.218340000000000600e+02,1.565142534673213959e-03
5.229370000000000118e+02,2.223904943093657494e-03
5.240400000000000773e+02,1.593175111338496208e-03
5.251430000000000291e+02,2.364067593589425087e-03
5.262460000000000946e+02,1.705305417999625206e-03
5.273490000000000464e+02,2.821930451318621635e-03
5.284519999999999982e+02,2.219233196228742599e-03
5.295550000000000637e+02,3.667572978883981705e-03
5.306580000000000155e+02,2.882666187360882759e-03
5.317610000000000809e+02,5.592464469373226166e-03
5.328640000000000327e+02,4.597314167767763138e-03
5.339670000000000982e+02,8.965700864791870117e-03
5.350700000000000500e+02,7.671537343412637711e-03
5.361730000000000018e+02,1.426849327981472015e-02
5.372760000000000673e+02,1.125501189380884171e-02
5.383790000000000191e+02,1.850138045847415924e-02
5.394820000000000846e+02,1.427784562110900879e-02
5.405850000000000364e+02,2.040291018784046173e-02
5.416879999999999882e+02,1.568879932165145874e-02
5.427910000000000537e+02,2.150552161037921906e-02
5.438940000000000055e+02,1.648773066699504852e-02
5.449970000000000709e+02,2.089815773069858551e-02
5.461000000000000227e+02,1.474037766456604004e-02
5.472030000000000882e+02,1.741746999323368073e-02
5.483060000000000400e+02,1.111017726361751556e-02
5.494089999999999918e+02,1.271269936114549637e-02
5.505120000000000573e+02,7.811694405972957611e-03
5.516150000000000091e+02,8.937667123973369598e-03
5.527180000000000746e+02,5.256076343357563019e-03
5.538210000000000264e+02,6.428765598684549332e-03
5.549240000000000919e+02,3.896505106240510941e-03
5.560270000000000437e+02,4.597313702106475830e-03
5.571299999999999955e+02,2.915371442213654518e-03
5.582330000000000609e+02,3.732982790097594261e-03
5.593360000000000127e+02,2.265954157337546349e-03
5.604390000000000782e+02,3.242415143176913261e-03
5.615420000000000300e+02,2.275297883898019791e-03
5.626450000000000955e+02,3.261103993281722069e-03
5.637480000000000473e+02,2.322019077837467194e-03
5.648509999999999991e+02,3.340528812259435654e-03
5.659540000000000646e+02,2.251937985420227051e-03
5.670570000000000164e+02,3.326511476188898087e-03
5.681600000000000819e+02,2.336035249754786491e-03
5.692630000000000337e+02,3.466676454991102219e-03
5.703659999999999854e+02,2.564966212958097458e-03
5.714690000000000509e+02,4.251583479344844818e-03
5.725720000000000027e+02,3.233071416616439819e-03
5.736750000000000682e+02,5.214026663452386856e-03
5.747780000000000200e+02,4.046010319143533707e-03
5.758810000000000855e+02,5.821397062391042709e-03
5.769840000000000373e+02,3.957242239266633987e-03
5.780869999999999891e+02,5.924180150032043457e-03
5.791900000000000546e+02,4.256253596395254135e-03
5.802930000000000064e+02,6.456796545535326004e-03
5.813960000000000719e+02,4.676740150898694992e-03
5.824990000000000236e+02,6.456797942519187927e-03
5.836020000000000891e+02,4.770182073116302490e-03
5.847050000000000409e+02,6.620319094508886337e-03
5.858079999999999927e+02,4.971080459654331207e-03
5.869110000000000582e+02,7.479984313249588013e-03
5.880140000000000100e+02,5.466321017593145370e-03
5.891170000000000755e+02,7.970549166202545166e-03
5.902200000000000273e+02,5.615826230496168137e-03
5.913230000000000928e+02,7.512684445828199387e-03
5.924260000000000446e+02,5.209355615079402924e-03
5.935289999999999964e+02,7.218345068395137787e-03
5.946320000000000618e+02,5.073866341263055801e-03
5.957350000000000136e+02,7.078182883560657501e-03
5.968380000000000791e+02,4.919687751680612564e-03
5.979410000000000309e+02,6.895973812788724899e-03
5.990440000000000964e+02,5.312141031026840210e-03
6.001470000000000482e+02,8.115381933748722076e-03
6.012500000000000000e+02,6.587616633623838425e-03
6.023530000000000655e+02,1.009634416550397873e-02
6.034560000000000173e+02,8.647996932268142700e-03
6.045590000000000828e+02,1.396013889461755753e-02
6.056620000000000346e+02,1.158205792307853699e-02
6.067649999999999864e+02,1.772581785917282104e-02
6.078680000000000518e+02,1.392276585102081299e-02
6.089710000000000036e+02,2.014128491282463074e-02
6.100740000000000691e+02,1.487119309604167938e-02
6.111770000000000209e+02,2.019734680652618408e-02
6.122800000000000864e+02,1.434791833162307739e-02
6.133830000000000382e+02,1.865088753402233124e-02
6.144859999999999900e+02,1.324531901627779007e-02
6.155890000000000555e+02,1.674002036452293396e-02
6.166920000000000073e+02,1.196516864001750946e-02
6.177950000000000728e+02,1.566076464951038361e-02
6.188980000000000246e+02,1.116156950592994690e-02
6.200010000000000900e+02,1.488520391285419464e-02
6.211040000000000418e+02,1.149795483797788620e-02
6.222069999999999936e+02,1.648305729031562805e-02
6.233100000000000591e+02,1.361439563333988190e-02
6.244130000000000109e+02,1.886114291846752167e-02
6.255160000000000764e+02,1.588503085076808929e-02
6.266190000000000282e+02,2.261280082166194916e-02
6.277220000000000937e+02,1.842662878334522247e-02
6.288250000000000455e+02,2.497685328125953674e-02
6.299279999999999973e+02,1.903399452567100525e-02
6.310310000000000628e+02,2.351451106369495392e-02
6.321340000000000146e+02,1.681944541633129120e-02
6.332370000000000800e+02,1.983293145895004272e-02
6.343400000000000318e+02,1.342285145074129105e-02
6.354430000000000973e+02,1.570281758904457092e-02
6.365460000000000491e+02,1.136713661253452301e-02
6.376490000000000009e+02,1.428250968456268311e-02
6.387520000000000664e+02,1.053551770746707916e-02
6.398550000000000182e+02,1.303974445909261703e-02
6.409580000000000837e+02,1.001224108040332794e-02
6.420610000000000355e+02,1.329202484339475632e-02
6.431639999999999873e+02,1.044674590229988098e-02
6.442670000000000528e+02,1.371252071112394333e-02
6.453700000000000045e+02,1.041870936751365662e-02
6.464730000000000700e+02,1.370317302644252777e-02
6.475760000000000218e+02,9.858068078756332397e-03
6.486790000000000873e+02,1.227819267660379410e-02
6.497820000000000391e+02,8.302264846861362457e-03
6.508849999999999909e+02,1.062428113073110580e-02
6.519880000000000564e+02,6.980068050324916840e-03
6.530910000000000082e+02,9.381514042615890503e-03
6.541940000000000737e+02,6.456797476857900620e-03
6.552970000000000255e+02,8.208827115595340729e-03
6.564000000000000909e+02,5.316812079399824142e-03
6.575030000000000427e+02,6.924002431333065033e-03
6.586059999999999945e+02,4.835590720176696777e-03
6.597090000000000600e+02,6.461468525230884552e-03
6.608120000000000118e+02,4.536578897386789322e-03
6.619150000000000773e+02,6.410079076886177063e-03
6.630180000000000291e+02,4.452480934560298920e-03
6.641210000000000946e+02,6.139096338301897049e-03
6.652240000000000464e+02,4.536578431725502014e-03
6.663269999999999982e+02,6.704418919980525970e-03
6.674300000000000637e+02,5.003784783184528351e-03
6.685330000000000155e+02,7.120231166481971741e-03
6.696360000000000809e+02,5.185997579246759415e-03
6.707390000000000327e+02,7.204329594969749451e-03
6.718419999999999845e+02,5.027144681662321091e-03
6.729450000000000500e+02,6.564257200807332993e-03
6.740480000000000018e+02,4.564610309898853302e-03
6.751510000000000673e+02,5.956886801868677139e-03
6.762540000000000191e+02,4.046009853482246399e-03
6.773570000000000846e+02,5.863444879651069641e-03
6.784600000000000364e+02,4.162813536822795868e-03
6.795629999999999882e+02,5.676562432199716568e-03
6.806660000000000537e+02,3.775031305849552155e-03
6.817690000000000055e+02,5.125258583575487137e-03
6.828720000000000709e+02,3.588148625567555428e-03
6.839750000000000227e+02,5.349517334252595901e-03
6.850780000000000882e+02,3.989945631474256516e-03
6.861810000000000400e+02,5.938198883086442947e-03
6.872839999999999918e+02,4.363710992038249969e-03
6.883870000000000573e+02,5.994262639433145523e-03
6.894900000000000091e+02,4.438464529812335968e-03
6.905930000000000746e+02,6.325979717075824738e-03
6.916960000000000264e+02,4.573954734951257706e-03
6.927990000000000919e+02,7.157608401030302048e-03
6.939020000000000437e+02,5.391564220190048218e-03
6.950049999999999955e+02,8.587262593209743500e-03
6.961080000000000609e+02,6.335322745144367218e-03
6.972110000000000127e+02,8.834882639348506927e-03
6.983140000000000782e+02,6.059672217816114426e-03
6.994170000000000300e+02,8.138745091855525970e-03
7.005200000000000955e+02,5.746641661971807480e-03
7.016230000000000473e+02,7.835057564079761505e-03
7.027259999999999991e+02,5.634515080600976944e-03
7.038290000000000646e+02,8.040631189942359924e-03
7.049320000000000164e+02,5.699922796338796616e-03
7.060350000000000819e+02,7.961206138134002686e-03
7.071380000000000337e+02,5.760660860687494278e-03
7.082409999999999854e+02,8.199478499591350555e-03
7.093440000000000509e+02,6.153113674372434616e-03
7.104470000000000027e+02,8.825538679957389832e-03
7.115500000000000682e+02,6.634337827563285828e-03
7.126530000000000200e+02,9.750606492161750793e-03
7.137560000000000855e+02,7.381866220384836197e-03
7.148590000000000373e+02,1.057756505906581879e-02
7.159619999999999891e+02,8.297593332827091217e-03
7.170650000000000546e+02,1.269401237368583679e-02
7.181680000000000064e+02,1.061961054801940918e-02
7.192710000000000719e+02,1.672132126986980438e-02
7.203740000000000236e+02,1.475905627012252808e-02
7.214770000000000891e+02,2.265951037406921387e-02
7.225800000000000409e+02,1.903399452567100525e-02
7.236829999999999927e+02,2.864911779761314392e-02
7.247860000000000582e+02,2.310804463922977448e-02
7.258890000000000100e+02,3.207840397953987122e-02
7.269920000000000755e+02,2.557955496013164520e-02
7.280950000000000273e+02,3.428362309932708740e-02
7.291980000000000928e+02,2.544407546520233154e-02
7.303010000000000446e+02,3.319033980369567871e-02
7.314039999999999964e+02,2.235115319490432739e-02
7.325070000000000618e+02,2.611218392848968506e-02
7.336100000000000136e+02,1.613263972103595734e-02
7.347130000000000791e+02,1.748754642903804779e-02
7.358160000000000309e+02,1.119427196681499481e-02
7.369189999999999827e+02,1.239032670855522156e-02
7.380220000000000482e+02,8.708733133971691132e-03
7.391250000000000000e+02,1.132042240351438522e-02
7.402280000000000655e+02,8.601278066635131836e-03
7.413310000000000173e+02,1.161943003535270691e-02
7.424340000000000828e+02,9.199300780892372131e-03
7.435370000000000346e+02,1.301169767975807190e-02
7.446399999999999864e+02,1.062428206205368042e-02
7.457430000000000518e+02,1.545987091958522797e-02
7.468460000000000036e+02,1.239032391458749771e-02
7.479490000000000691e+02,1.816031895577907562e-02
7.490520000000000209e+02,1.291359867900609970e-02
7.501550000000000864e+02,1.773983240127563477e-02
7.512580000000000382e+02,1.157739106565713882e-02
7.523609999999999900e+02,1.526364684104919434e-02
7.534640000000000555e+02,1.001224387437105179e-02
7.545670000000000073e+02,1.217073667794466019e-02
7.556700000000000728e+02,8.372345939278602600e-03
7.567730000000000246e+02,1.028789486736059189e-02
7.578760000000000900e+02,8.409722708165645599e-03
7.589790000000000418e+02,1.124099455773830414e-02
7.600819999999999936e+02,9.727247059345245361e-03
7.611850000000000591e+02,1.383399683982133865e-02
7.622880000000000109e+02,1.126435399055480957e-02
7.633910000000000764e+02,1.676805131137371063e-02
7.644940000000000282e+02,1.367981266230344772e-02
7.655970000000000937e+02,2.191666699945926666e-02
7.667000000000000455e+02,1.853875070810317993e-02
7.678029999999999973e+02,2.717273496091365814e-02
7.689060000000000628e+02,2.179052308201789856e-02
7.700090000000000146e+02,2.847624570131301880e-02
7.711120000000000800e+02,2.192134968936443329e-02
7.722150000000000318e+02,2.727085910737514496e-02
7.733179999999999836e+02,1.968340948224067688e-02
7.744210000000000491e+02,2.317810989916324615e-02
7.755240000000000009e+02,1.475905906409025192e-02
7.766270000000000664e+02,1.659518294036388397e-02
7.777300000000000182e+02,9.783311747014522552e-03
7.788330000000000837e+02,1.099804602563381195e-02
7.799360000000000355e+02,6.671712733805179596e-03
7.810389999999999873e+02,7.741616573184728622e-03
7.821420000000000528e+02,4.915014840662479401e-03
7.832450000000000045e+02,6.008279044181108475e-03
7.843480000000000700e+02,3.704950213432312012e-03
7.854510000000000218e+02,4.485183861106634140e-03
7.865540000000000873e+02,2.770536579191684723e-03
7.876570000000000391e+02,3.321841126307845116e-03
7.887599999999999909e+02,2.177184680476784706e-03
7.898630000000000564e+02,2.938731340691447258e-03
7.909660000000000082e+02,1.966941403225064278e-03
7.920690000000000737e+02,2.948075532913208008e-03
7.931720000000000255e+02,1.943580689840018749e-03
7.942750000000000909e+02,2.677095821127295494e-03
7.953780000000000427e+02,1.980957575142383575e-03
7.964809999999999945e+02,3.046188503503799438e-03
7.975840000000000600e+02,2.191200619563460350e-03
7.986870000000000118e+02,3.228399669751524925e-03
7.997900000000000773e+02,2.424803795292973518e-03
8.008930000000000291e+02,3.522739978507161140e-03
8.019960000000000946e+02,2.658407669514417648e-03
8.030990000000000464e+02,4.097403958439826965e-03
8.042019999999999982e+02,3.162989392876625061e-03
8.053050000000000637e+02,5.625169258564710617e-03
8.064080000000000155e+02,4.471169784665107727e-03
8.075110000000000809e+02,7.610802073031663895e-03
8.086140000000000327e+02,5.942871794104576111e-03
8.097169999999999845e+02,9.872080758213996887e-03
8.108200000000000500e+02,7.461292669177055359e-03
8.119230000000000018e+02,1.100272033363580704e-02
8.130260000000000673e+02,7.989237084984779358e-03
8.141290000000000191e+02,1.171755138784646988e-02
8.152320000000000846e+02,8.867586031556129456e-03
8.163350000000000364e+02,1.296032685786485672e-02
8.174379999999999882e+02,1.003093272447586060e-02
8.185410000000000537e+02,1.379195135086774826e-02
8.196440000000000055e+02,9.797327220439910889e-03
8.207470000000000709e+02,1.257720775902271271e-02
8.218500000000000227e+02,9.035782888531684875e-03
8.229530000000000882e+02,1.151664648205041885e-02
8.240560000000000400e+02,8.998406119644641876e-03
8.251589999999999918e+02,1.212401594966650009e-02
8.262620000000000573e+02,9.708563797175884247e-03
8.273650000000000091e+02,1.348358392715454102e-02
8.284680000000000746e+02,1.036732085049152374e-02
8.295710000000000264e+02,1.382465474307537079e-02
8.306740000000000919e+02,1.047945488244295120e-02
8.317770000000000437e+02,1.412365678697824478e-02
8.328799999999999955e+02,1.054485887289047241e-02
8.339830000000000609e+02,1.401152927428483963e-02
8.350860000000000127e+02,1.035330072045326233e-02
8.361890000000000782e+02,1.365178916603326797e-02
8.372920000000000300e+02,9.615113027393817902e-03
8.383949999999999818e+02,1.262860093265771866e-02
8.394980000000000473e+02,8.409718982875347137e-03
8.406009999999999991e+02,1.069903466850519180e-02
8.417040000000000646e+02,7.442603819072246552e-03
8.428070000000000164e+02,8.872254751622676849e-03
8.439100000000000819e+02,6.143769249320030212e-03
8.450130000000000337e+02,7.344490382820367813e-03
8.461159999999999854e+02,5.461647640913724899e-03
8.472190000000000509e+02,7.550062611699104309e-03
8.483220000000000027e+02,5.938195623457431793e-03
8.494250000000000682e+02,8.867586031556129456e-03
8.505280000000000200e+02,7.003430277109146118e-03
8.516310000000000855e+02,1.065698731690645218e-02
8.527340000000000373e+02,8.526525460183620453e-03
8.538369999999999891e+02,1.246040593832731247e-02
8.549400000000000546e+02,9.713226929306983948e-03
8.560430000000000064e+02,1.335276570171117783e-02
8.571460000000000719e+02,9.951505810022354126e-03
8.582490000000000236e+02,1.356301456689834595e-02
8.593520000000000891e+02,1.070370990782976151e-02
8.604550000000000409e+02,1.451144181191921234e-02
8.615579999999999927e+02,1.167549006640911102e-02
8.626610000000000582e+02,1.610928587615489960e-02
8.637640000000000100e+02,1.333875861018896103e-02
8.648670000000000755e+02,1.856679469347000122e-02
8.659700000000000273e+02,1.635690964758396149e-02
8.670730000000000928e+02,2.387424744665622711e-02
8.681760000000000446e+02,2.113642916083335876e-02
8.692789999999999964e+02,3.055063821375370026e-02
8.703820000000000618e+02,2.633644081652164459e-02
8.714850000000000136e+02,3.706350177526473999e-02
8.725880000000000791e+02,3.210645541548728943e-02
8.736910000000000309e+02,4.499669745564460754e-02
8.747939999999999827e+02,4.108615964651107788e-02
8.758970000000000482e+02,5.663478001952171326e-02
8.770000000000000000e+02,4.892119392752647400e-02
8.781030000000000655e+02,6.167126446962356567e-02
8.792060000000000173e+02,4.885577410459518433e-02
8.803090000000000828e+02,5.641517043113708496e-02
8.814120000000000346e+02,4.066100716590881348e-02
8.825149999999999864e+02,4.532837867736816406e-02
8.836180000000000518e+02,3.233069926500320435e-02
8.847210000000000036e+02,3.494238108396530151e-02
8.858240000000000691e+02,2.401911094784736633e-02
8.869270000000000209e+02,2.579447440803050995e-02
8.880300000000000864e+02,1.789869554340839386e-02
8.891330000000000382e+02,2.069258317351341248e-02
8.902359999999999900e+02,1.493660639971494675e-02
8.913390000000000555e+02,1.807622984051704407e-02
8.924420000000000073e+02,1.277810521423816681e-02
8.935450000000000728e+02,1.522158924490213394e-02
8.946480000000000246e+02,1.038134191185235977e-02
8.957510000000000900e+02,1.266130339354276657e-02
8.968540000000000418e+02,9.073155932128429413e-03
8.979569999999999936e+02,1.193246431648731232e-02
8.990600000000000591e+02,8.647997863590717316e-03
9.001630000000000109e+02,1.140451896935701370e-02
9.012660000000000764e+02,8.601278066635131836e-03
9.023690000000000282e+02,1.166615076363086700e-02
9.034719999999999800e+02,8.292922750115394592e-03
9.045750000000000455e+02,1.180164515972137451e-02
9.056779999999999973e+02,8.676030673086643219e-03
9.067810000000000628e+02,1.115689985454082489e-02
9.078840000000000146e+02,8.082675747573375702e-03
9.089870000000000800e+02,9.970193728804588318e-03
9.100900000000000318e+02,6.933347322046756744e-03
9.111929999999999836e+02,8.708733133971691132e-03
9.122960000000000491e+02,6.087703164666891098e-03
9.133990000000000009e+02,7.559405639767646790e-03
9.145020000000000664e+02,5.326158832758665085e-03
9.156050000000000182e+02,6.928677204996347427e-03
9.167080000000000837e+02,4.938377998769283295e-03
9.178110000000000355e+02,6.802532356232404709e-03
9.189139999999999873e+02,5.681236274540424347e-03
9.200170000000000528e+02,8.428408764302730560e-03
9.211200000000000045e+02,7.138916291296482086e-03
9.222230000000000700e+02,1.071773003786802292e-02
9.233260000000000218e+02,8.736770600080490112e-03
9.244290000000000873e+02,1.282482873648405075e-02
9.255320000000000391e+02,9.437579661607742310e-03
9.266349999999999909e+02,1.245106104761362076e-02
9.277380000000000564e+02,8.498491719365119934e-03
9.288410000000000082e+02,9.984211996197700500e-03
9.299440000000000737e+02,6.045655813068151474e-03
9.310470000000000255e+02,7.092195563018321991e-03
9.321500000000000909e+02,4.915016703307628632e-03
9.332530000000000427e+02,6.283931434154510498e-03
9.343559999999999945e+02,4.396416712552309036e-03
9.354590000000000600e+02,5.419597495347261429e-03
9.365620000000000118e+02,3.672245889902114868e-03
9.376650000000000773e+02,4.821575712412595749e-03
9.387680000000000291e+02,3.550773020833730698e-03
9.398709999999999809e+02,5.760659463703632355e-03
9.409740000000000464e+02,5.223371554166078568e-03
9.420769999999999982e+02,9.741260670125484467e-03
9.431800000000000637e+02,9.180615656077861786e-03
9.442830000000000155e+02,1.578691042959690094e-02
9.453860000000000809e+02,1.366113219410181046e-02
9.464890000000000327e+02,2.138871885836124420e-02
9.475919999999999845e+02,1.745951734483242035e-02
9.486950000000000500e+02,2.400041185319423676e-02
9.497980000000000018e+02,1.861352100968360901e-02
9.509010000000000673e+02,2.310804836452007294e-02
9.520040000000000191e+02,1.681943796575069427e-02
9.531070000000000846e+02,1.983760111033916473e-02
9.542100000000000364e+02,1.361440867185592651e-02
9.553129999999999882e+02,1.600649580359458923e-02
9.564160000000000537e+02,9.914130903780460358e-03
9.575190000000000055e+02,1.156804058700799942e-02
9.586220000000000709e+02,6.867939606308937073e-03
9.597250000000000227e+02,7.484654895961284637e-03
9.608280000000000882e+02,4.162813071161508560e-03
9.619310000000000400e+02,4.503874108195304871e-03
9.630339999999999918e+02,2.672423142939805984e-03
9.641370000000000573e+02,2.943403087556362152e-03
9.652400000000000091e+02,1.878171460703015327e-03
9.663430000000000746e+02,2.322018612176179886e-03
9.674460000000000264e+02,1.630551996640861034e-03
9.685489999999999782e+02,2.228576922789216042e-03
9.696520000000000437e+02,1.728665549308061600e-03
9.707549999999999955e+02,2.639719052240252495e-03
9.718580000000000609e+02,1.976284896954894066e-03
9.729610000000000127e+02,3.013485111296176910e-03
9.740640000000000782e+02,2.153824549168348312e-03
9.751670000000000300e+02,3.293808549642562866e-03
9.762699999999999818e+02,2.373410854488611221e-03
9.773730000000000473e+02,3.761015133932232857e-03
9.784759999999999991e+02,3.106926800683140755e-03
9.795789999999999509e+02,4.447808489203453064e-03
9.806820000000000164e+02,3.148974385112524033e-03
9.817850000000000819e+02,4.471169319003820419e-03
9.828880000000001473e+02,3.130286699160933495e-03
9.839909999999999854e+02,4.162812139838933945e-03
9.850940000000000509e+02,2.775209490209817886e-03
9.861970000000001164e+02,4.078715108335018158e-03
9.872999999999999545e+02,3.064877353608608246e-03
9.884030000000000200e+02,4.251582082360982895e-03
9.895060000000000855e+02,3.289135638624429703e-03
9.906089999999999236e+02,4.905671346932649612e-03
9.917119999999999891e+02,4.116092342883348465e-03
9.928150000000000546e+02,6.634335964918136597e-03
9.939180000000001201e+02,5.914838984608650208e-03
9.950209999999999582e+02,9.577738121151924133e-03
9.961240000000000236e+02,7.891124114394187927e-03
9.972270000000000891e+02,1.079715136438608170e-02
9.983299999999999272e+02,8.171448484063148499e-03
9.994329999999999927e+02,1.074575725942850113e-02
1.000536000000000058e+03,7.835062220692634583e-03
1.001639000000000124e+03,9.876754134893417358e-03
1.002741999999999962e+03,7.152936421334743500e-03
1.003845000000000027e+03,9.110528975725173950e-03
1.004948000000000093e+03,6.704416591674089432e-03
1.006050999999999931e+03,8.760129101574420929e-03
1.007153999999999996e+03,6.592286285012960434e-03
1.008257000000000062e+03,8.451773785054683685e-03
1.009360000000000127e+03,6.069014314562082291e-03
1.010462999999999965e+03,7.830385118722915649e-03
1.011566000000000031e+03,5.419597961008548737e-03
1.012669000000000096e+03,7.073515560477972031e-03
1.013771999999999935e+03,4.938375204801559448e-03
1.014875000000000000e+03,6.391389761120080948e-03
1.015978000000000065e+03,4.284288268536329269e-03
1.017081000000000131e+03,5.302798002958297729e-03
1.018183999999999969e+03,3.508724272251129150e-03
1.019287000000000035e+03,4.209534265100955963e-03
1.020390000000000100e+03,3.022828372195363045e-03
1.021492999999999938e+03,3.985275048762559891e-03
